-- =========================
-- PRÉSENCES - Octobre 2025
-- =========================

-- Présences pour RAZAFY Albert (id=1) - Mois complet
INSERT INTO Presence (idEmploye, dateJour, heureEntree, heureSortie, heureEntree2, heureSortie2, heuresTravaillees, heuresSupplementaires, heuresNuit, retardMinutes, tempsPause, estPresent, estJourFerie, estWeekend, valide, dateValidation) VALUES
(1, '2025-10-01', '08:00:00', '12:00:00', '13:00:00', '17:00:00', 8.00, 0.00, 0.00, 0, 60, TRUE, FALSE, FALSE, TRUE, '2025-10-31'),
(1, '2025-10-02', '08:00:00', '12:00:00', '13:00:00', '17:00:00', 8.00, 0.00, 0.00, 0, 60, TRUE, FALSE, FALSE, TRUE, '2025-10-31'),
(1, '2025-10-03', '08:00:00', '12:00:00', '13:00:00', '17:00:00', 8.00, 0.00, 0.00, 0, 60, TRUE, FALSE, FALSE, TRUE, '2025-10-31'),
(1, '2025-10-04', '08:00:00', '12:00:00', '13:00:00', '17:00:00', 8.00, 0.00, 0.00, 0, 60, TRUE, FALSE, FALSE, TRUE, '2025-10-31'),
(1, '2025-10-05', NULL, NULL, NULL, NULL, 0.00, 0.00, 0.00, 0, 0, FALSE, FALSE, TRUE, TRUE, '2025-10-31'),
(1, '2025-10-06', NULL, NULL, NULL, NULL, 0.00, 0.00, 0.00, 0, 0, FALSE, FALSE, TRUE, TRUE, '2025-10-31'),
(1, '2025-10-07', '08:00:00', '12:00:00', '13:00:00', '17:00:00', 8.00, 0.00, 0.00, 0, 60, TRUE, FALSE, FALSE, TRUE, '2025-10-31'),
(1, '2025-10-08', '08:00:00', '12:00:00', '13:00:00', '17:00:00', 8.00, 0.00, 0.00, 0, 60, TRUE, FALSE, FALSE, TRUE, '2025-10-31'),
(1, '2025-10-09', '08:15:00', '12:00:00', '13:00:00', '17:00:00', 7.75, 0.00, 0.00, 15, 60, TRUE, FALSE, FALSE, TRUE, '2025-10-31'),
(1, '2025-10-10', '08:00:00', '12:00:00', '13:00:00', '17:00:00', 8.00, 0.00, 0.00, 0, 60, TRUE, FALSE, FALSE, TRUE, '2025-10-31'),
(1, '2025-10-11', '08:00:00', '12:00:00', '13:00:00', '17:00:00', 8.00, 0.00, 0.00, 0, 60, TRUE, FALSE, FALSE, TRUE, '2025-10-31'),
(1, '2025-10-12', NULL, NULL, NULL, NULL, 0.00, 0.00, 0.00, 0, 0, FALSE, FALSE, TRUE, TRUE, '2025-10-31'),
(1, '2025-10-13', NULL, NULL, NULL, NULL, 0.00, 0.00, 0.00, 0, 0, FALSE, FALSE, TRUE, TRUE, '2025-10-31'),
(1, '2025-10-14', '08:00:00', '12:00:00', '13:00:00', '17:00:00', 8.00, 0.00, 0.00, 0, 60, TRUE, FALSE, FALSE, TRUE, '2025-10-31'),
(1, '2025-10-15', '08:00:00', '12:00:00', '13:00:00', '17:00:00', 8.00, 0.00, 0.00, 0, 60, TRUE, FALSE, FALSE, TRUE, '2025-10-31'),
(1, '2025-10-16', '08:00:00', '12:00:00', '13:00:00', '17:00:00', 8.00, 0.00, 0.00, 0, 60, TRUE, FALSE, FALSE, TRUE, '2025-10-31'),
(1, '2025-10-17', '08:00:00', '12:00:00', '13:00:00', '17:00:00', 8.00, 0.00, 0.00, 0, 60, TRUE, FALSE, FALSE, TRUE, '2025-10-31'),
(1, '2025-10-18', '08:00:00', '12:00:00', '13:00:00', '17:00:00', 8.00, 0.00, 0.00, 0, 60, TRUE, FALSE, FALSE, TRUE, '2025-10-31'),
(1, '2025-10-19', NULL, NULL, NULL, NULL, 0.00, 0.00, 0.00, 0, 0, FALSE, FALSE, TRUE, TRUE, '2025-10-31'),
(1, '2025-10-20', NULL, NULL, NULL, NULL, 0.00, 0.00, 0.00, 0, 0, FALSE, FALSE, TRUE, TRUE, '2025-10-31'),
(1, '2025-10-21', '08:00:00', '12:00:00', '13:00:00', '17:00:00', 8.00, 0.00, 0.00, 0, 60, TRUE, FALSE, FALSE, TRUE, '2025-10-31'),
(1, '2025-10-22', '08:00:00', '12:00:00', '13:00:00', '17:00:00', 8.00, 0.00, 0.00, 0, 60, TRUE, FALSE, FALSE, TRUE, '2025-10-31'),
(1, '2025-10-23', '08:00:00', '12:00:00', '13:00:00', '17:00:00', 8.00, 0.00, 0.00, 0, 60, TRUE, FALSE, FALSE, TRUE, '2025-10-31'),
(1, '2025-10-24', '08:00:00', '12:00:00', '13:00:00', '17:00:00', 8.00, 0.00, 0.00, 0, 60, TRUE, FALSE, FALSE, TRUE, '2025-10-31'),
(1, '2025-10-25', '08:00:00', '12:00:00', '13:00:00', '17:00:00', 8.00, 0.00, 0.00, 0, 60, TRUE, FALSE, FALSE, TRUE, '2025-10-31'),
(1, '2025-10-26', NULL, NULL, NULL, NULL, 0.00, 0.00, 0.00, 0, 0, FALSE, FALSE, TRUE, TRUE, '2025-10-31'),
(1, '2025-10-27', NULL, NULL, NULL, NULL, 0.00, 0.00, 0.00, 0, 0, FALSE, FALSE, TRUE, TRUE, '2025-10-31'),
(1, '2025-10-28', '08:00:00', '12:00:00', '13:00:00', '17:00:00', 8.00, 0.00, 0.00, 0, 60, TRUE, FALSE, FALSE, TRUE, '2025-10-31'),
(1, '2025-10-29', '08:00:00', '12:00:00', '13:00:00', '17:00:00', 8.00, 0.00, 0.00, 0, 60, TRUE, FALSE, FALSE, TRUE, '2025-10-31'),
(1, '2025-10-30', '08:00:00', '12:00:00', '13:00:00', '17:00:00', 8.00, 0.00, 0.00, 0, 60, TRUE, FALSE, FALSE, TRUE, '2025-10-31'),
(1, '2025-10-31', '08:00:00', '12:00:00', '13:00:00', '17:00:00', 8.00, 0.00, 0.00, 0, 60, TRUE, FALSE, FALSE, TRUE, '2025-10-31');

-- Présences pour RAMAHAY Gilbert (id=2) - Avec heures supplémentaires
INSERT INTO Presence (idEmploye, dateJour, heureEntree, heureSortie, heureEntree2, heureSortie2, heuresTravaillees, heuresSupplementaires, heuresNuit, retardMinutes, tempsPause, estPresent, estJourFerie, estWeekend, valide, dateValidation) VALUES
(2, '2025-10-01', '07:00:00', '12:00:00', '13:00:00', '18:00:00', 10.00, 2.00, 0.00, 0, 60, TRUE, FALSE, FALSE, TRUE, '2025-10-31'),
(2, '2025-10-02', '07:00:00', '12:00:00', '13:00:00', '18:00:00', 10.00, 2.00, 0.00, 0, 60, TRUE, FALSE, FALSE, TRUE, '2025-10-31'),
(2, '2025-10-03', '07:30:00', '12:00:00', '13:00:00', '17:00:00', 7.50, 0.00, 0.00, 30, 60, TRUE, FALSE, FALSE, TRUE, '2025-10-31'),
(2, '2025-10-04', '07:00:00', '12:00:00', '13:00:00', '17:00:00', 9.00, 1.00, 0.00, 0, 60, TRUE, FALSE, FALSE, TRUE, '2025-10-31'),
(2, '2025-10-07', '07:00:00', '12:00:00', '13:00:00', '17:00:00', 9.00, 1.00, 0.00, 0, 60, TRUE, FALSE, FALSE, TRUE, '2025-10-31'),
(2, '2025-10-08', '07:00:00', '12:00:00', '13:00:00', '18:00:00', 10.00, 2.00, 0.00, 0, 60, TRUE, FALSE, FALSE, TRUE, '2025-10-31'),
(2, '2025-10-09', '07:00:00', '12:00:00', '13:00:00', '17:00:00', 9.00, 1.00, 0.00, 0, 60, TRUE, FALSE, FALSE, TRUE, '2025-10-31'),
(2, '2025-10-10', '07:00:00', '12:00:00', '13:00:00', '18:00:00', 10.00, 2.00, 0.00, 0, 60, TRUE, FALSE, FALSE, TRUE, '2025-10-31'),
(2, '2025-10-11', '07:00:00', '12:00:00', '13:00:00', '17:00:00', 9.00, 1.00, 0.00, 0, 60, TRUE, FALSE, FALSE, TRUE, '2025-10-31'),
(2, '2025-10-14', '07:00:00', '12:00:00', '13:00:00', '18:00:00', 10.00, 2.00, 0.00, 0, 60, TRUE, FALSE, FALSE, TRUE, '2025-10-31'),
(2, '2025-10-15', '07:00:00', '12:00:00', '13:00:00', '17:00:00', 9.00, 1.00, 0.00, 0, 60, TRUE, FALSE, FALSE, TRUE, '2025-10-31'),
(2, '2025-10-16', '07:00:00', '12:00:00', '13:00:00', '18:00:00', 10.00, 2.00, 0.00, 0, 60, TRUE, FALSE, FALSE, TRUE, '2025-10-31'),
(2, '2025-10-17', '07:00:00', '12:00:00', '13:00:00', '17:00:00', 9.00, 1.00, 0.00, 0, 60, TRUE, FALSE, FALSE, TRUE, '2025-10-31'),
(2, '2025-10-18', '07:00:00', '12:00:00', '13:00:00', '17:00:00', 9.00, 1.00, 0.00, 0, 60, TRUE, FALSE, FALSE, TRUE, '2025-10-31'),
(2, '2025-10-21', '07:00:00', '12:00:00', '13:00:00', '17:00:00', 9.00, 1.00, 0.00, 0, 60, TRUE, FALSE, FALSE, TRUE, '2025-10-31'),
(2, '2025-10-22', '07:00:00', '12:00:00', '13:00:00', '17:00:00', 9.00, 1.00, 0.00, 0, 60, TRUE, FALSE, FALSE, TRUE, '2025-10-31'),
(2, '2025-10-23', '07:00:00', '12:00:00', '13:00:00', '17:00:00', 9.00, 1.00, 0.00, 0, 60, TRUE, FALSE, FALSE, TRUE, '2025-10-31'),
(2, '2025-10-24', '07:00:00', '12:00:00', '13:00:00', '17:00:00', 9.00, 1.00, 0.00, 0, 60, TRUE, FALSE, FALSE, TRUE, '2025-10-31'),
(2, '2025-10-25', '07:00:00', '12:00:00', '13:00:00', '17:00:00', 9.00, 1.00, 0.00, 0, 60, TRUE, FALSE, FALSE, TRUE, '2025-10-31'),
(2, '2025-10-28', '07:00:00', '12:00:00', '13:00:00', '17:00:00', 9.00, 1.00, 0.00, 0, 60, TRUE, FALSE, FALSE, TRUE, '2025-10-31'),
(2, '2025-10-29', '07:00:00', '12:00:00', '13:00:00', '17:00:00', 9.00, 1.00, 0.00, 0, 60, TRUE, FALSE, FALSE, TRUE, '2025-10-31'),
(2, '2025-10-30', '07:00:00', '12:00:00', '13:00:00', '17:00:00', 9.00, 1.00, 0.00, 0, 60, TRUE, FALSE, FALSE, TRUE, '2025-10-31'),
(2, '2025-10-31', '07:00:00', '12:00:00', '13:00:00', '17:00:00', 9.00, 1.00, 0.00, 0, 60, TRUE, FALSE, FALSE, TRUE, '2025-10-31');

-- Présences pour MANDRESY Alexandre (id=3) - Mois complet
INSERT INTO Presence (idEmploye, dateJour, heureEntree, heureSortie, heureEntree2, heureSortie2, heuresTravaillees, heuresSupplementaires, heuresNuit, retardMinutes, tempsPause, estPresent, estJourFerie, estWeekend, valide, dateValidation) VALUES
(3, '2025-10-01', '08:00:00', '12:00:00', '14:00:00', '18:00:00', 8.00, 0.00, 0.00, 0, 120, TRUE, FALSE, FALSE, TRUE, '2025-10-31'),
(3, '2025-10-02', '08:00:00', '12:00:00', '14:00:00', '18:00:00', 8.00, 0.00, 0.00, 0, 120, TRUE, FALSE, FALSE, TRUE, '2025-10-31'),
(3, '2025-10-03', '08:00:00', '12:00:00', '14:00:00', '18:00:00', 8.00, 0.00, 0.00, 0, 120, TRUE, FALSE, FALSE, TRUE, '2025-10-31'),
(3, '2025-10-04', '08:00:00', '12:00:00', '14:00:00', '18:00:00', 8.00, 0.00, 0.00, 0, 120, TRUE, FALSE, FALSE, TRUE, '2025-10-31'),
(3, '2025-10-07', '08:00:00', '12:00:00', '14:00:00', '18:00:00', 8.00, 0.00, 0.00, 0, 120, TRUE, FALSE, FALSE, TRUE, '2025-10-31'),
(3, '2025-10-08', '08:00:00', '12:00:00', '14:00:00', '18:00:00', 8.00, 0.00, 0.00, 0, 120, TRUE, FALSE, FALSE, TRUE, '2025-10-31'),
(3, '2025-10-09', '08:00:00', '12:00:00', '14:00:00', '18:00:00', 8.00, 0.00, 0.00, 0, 120, TRUE, FALSE, FALSE, TRUE, '2025-10-31'),
(3, '2025-10-10', NULL, NULL, NULL, NULL, 0.00, 0.00, 0.00, 0, 0, FALSE, FALSE, FALSE, TRUE, '2025-10-31'),
(3, '2025-10-11', NULL, NULL, NULL, NULL, 0.00, 0.00, 0.00, 0, 0, FALSE, FALSE, FALSE, TRUE, '2025-10-31'),
(3, '2025-10-14', NULL, NULL, NULL, NULL, 0.00, 0.00, 0.00, 0, 0, FALSE, FALSE, FALSE, TRUE, '2025-10-31'),
(3, '2025-10-15', '08:00:00', '12:00:00', '14:00:00', '18:00:00', 8.00, 0.00, 0.00, 0, 120, TRUE, FALSE, FALSE, TRUE, '2025-10-31'),
(3, '2025-10-16', '08:00:00', '12:00:00', '14:00:00', '18:00:00', 8.00, 0.00, 0.00, 0, 120, TRUE, FALSE, FALSE, TRUE, '2025-10-31'),
(3, '2025-10-17', '08:00:00', '12:00:00', '14:00:00', '18:00:00', 8.00, 0.00, 0.00, 0, 120, TRUE, FALSE, FALSE, TRUE, '2025-10-31'),
(3, '2025-10-18', '08:00:00', '12:00:00', '14:00:00', '18:00:00', 8.00, 0.00, 0.00, 0, 120, TRUE, FALSE, FALSE, TRUE, '2025-10-31'),
(3, '2025-10-21', '08:00:00', '12:00:00', '14:00:00', '18:00:00', 8.00, 0.00, 0.00, 0, 120, TRUE, FALSE, FALSE, TRUE, '2025-10-31'),
(3, '2025-10-22', '08:00:00', '12:00:00', '14:00:00', '18:00:00', 8.00, 0.00, 0.00, 0, 120, TRUE, FALSE, FALSE, TRUE, '2025-10-31'),
(3, '2025-10-23', '08:00:00', '12:00:00', '14:00:00', '18:00:00', 8.00, 0.00, 0.00, 0, 120, TRUE, FALSE, FALSE, TRUE, '2025-10-31'),
(3, '2025-10-24', '08:00:00', '12:00:00', '14:00:00', '18:00:00', 8.00, 0.00, 0.00, 0, 120, TRUE, FALSE, FALSE, TRUE, '2025-10-31'),
(3, '2025-10-25', '08:00:00', '12:00:00', '14:00:00', '18:00:00', 8.00, 0.00, 0.00, 0, 120, TRUE, FALSE, FALSE, TRUE, '2025-10-31'),
(3, '2025-10-28', '08:00:00', '12:00:00', '14:00:00', '18:00:00', 8.00, 0.00, 0.00, 0, 120, TRUE, FALSE, FALSE, TRUE, '2025-10-31'),
(3, '2025-10-29', '08:00:00', '12:00:00', '14:00:00', '18:00:00', 8.00, 0.00, 0.00, 0, 120, TRUE, FALSE, FALSE, TRUE, '2025-10-31'),
(3, '2025-10-30', '08:00:00', '12:00:00', '14:00:00', '18:00:00', 8.00, 0.00, 0.00, 0, 120, TRUE, FALSE, FALSE, TRUE, '2025-10-31'),
(3, '2025-10-31', '08:00:00', '12:00:00', '14:00:00', '18:00:00', 8.00, 0.00, 0.00, 0, 120, TRUE, FALSE, FALSE, TRUE, '2025-10-31');

-- =========================
-- ABSENCES
-- =========================

INSERT INTO Absence (idEmploye, idTypeAbsence, dateDebut, dateFin, nombreJours, motif, justificatif, estJustifie, dateDeclaration) VALUES
-- Absence maladie pour MANDRESY Alexandre
(3, 5, '2025-10-10', '2025-10-14', 5.00, 'Grippe', '/documents/certificat_medical_alexandre_oct2025.pdf', TRUE, '2025-10-10 07:30:00'),

-- Absence justifiée pour RAKOTO Jean
(6, 2, '2025-10-20', '2025-10-21', 2.00, 'Problème familial', '/documents/justificatif_rakoto.pdf', TRUE, '2025-10-19 16:00:00'),

-- Retard non justifié
(7, 3, '2025-10-15', '2025-10-15', 0.50, 'Retard transport', NULL, FALSE, '2025-10-15 09:30:00');

-- =========================
-- RELEVÉS DE PRÉSENCE - Octobre 2025
-- =========================

INSERT INTO RelevePresence (idEmploye, mois, annee, joursOuvrables, joursPresence, joursAbsence, joursConge, joursMaladie, heuresTravaillees, heuresSupplementaires, retardTotal, dateGeneration, valide) VALUES
(1, 10, 2025, 23, 23, 0, 0, 0, 184.00, 0.00, 15, '2025-10-31 23:00:00', TRUE),
(2, 10, 2025, 23, 23, 0, 0, 0, 207.50, 23.00, 30, '2025-10-31 23:00:00', TRUE),
(3, 10, 2025, 23, 18, 5, 0, 5, 144.00, 0.00, 0, '2025-10-31 23:00:00', TRUE),
(4, 10, 2025, 23, 23, 0, 0, 0, 184.00, 4.00, 0, '2025-10-31 23:00:00', TRUE);

-- =========================
-- AVANCES ET REMBOURSEMENTS
-- =========================

INSERT INTO Avance (idEmploye, montant, dateAvance, motif, nombreMensualites, montantMensualite, montantRembourse, montantRestant, statut, dateRemboursement) VALUES
-- Avance remboursée
(1, 100000.00, '2025-11-01', 'Rentrée scolaire', 1, 100000.00, 100000.00, 0.00, 'rembourse', '2025-11-30'),

-- Avance en cours de remboursement
(2, 120000.00, '2025-10-01', 'Urgence familiale', 3, 40000.00, 40000.00, 80000.00, 'en_cours', NULL),

-- Nouvelle avance
(5, 80000.00, '2025-11-15', 'Réparation voiture', 2, 40000.00, 0.00, 80000.00, 'en_cours', NULL);

-- Remboursements
INSERT INTO RemboursementAvance (idAvance, idFichePaie, montant, dateRemboursement, numeroMensualite) VALUES
(1, 1, 100000.00, '2025-11-30', 1),
(2, 2, 40000.00, '2025-11-30', 1);

-- =========================
-- HISTORIQUE DES POSTES
-- =========================

INSERT INTO HistoriquePoste (idEmploye, idFonctionPrecedente, idFonctionNouvelle, idDepartementPrecedent, idDepartementNouveau, dateChangement, motif, typeChangement) VALUES
(5, 8, 8, 4, 4, '2021-06-15', 'Embauche', 'embauche'),
(6, NULL, 7, NULL, 3, '2015-06-01', 'Recrutement initial', 'embauche'),
(1, 4, 4, 5, 5, '2020-01-15', 'Changement de département suite réorganisation', 'mutation'),
(8, 9, 9, 7, 7, '2018-03-01', 'Promotion suite à formation', 'promotion');

-- =========================
-- DOCUMENTS RH
-- =========================

INSERT INTO DocumentRH (idEmploye, typeDocument, nomFichier, cheminFichier, dateAjout, dateExpiration, description) VALUES
(1, 'CIN', 'cin_razafy_albert.pdf', '/documents/employes/001/cin_razafy_albert.pdf', '2014-01-01', '2029-03-15', 'Carte d''identité nationale'),
(1, 'Diplôme', 'diplome_razafy.pdf', '/documents/employes/001/diplome_razafy.pdf', '2014-01-01', NULL, 'Licence en Gestion'),
(1, 'Contrat', 'contrat_cdi_razafy_2014.pdf', '/documents/employes/001/contrat_cdi_razafy_2014.pdf', '2014-01-01', NULL, 'Contrat CDI initial'),
(2, 'CIN', 'cin_ramahay_gilbert.pdf', '/documents/employes/002/cin_ramahay_gilbert.pdf', '2014-03-01', '2030-07-22', 'CIN'),
(2, 'Permis', 'permis_conduire_ramahay.pdf', '/documents/employes/002/permis_conduire_ramahay.pdf', '2014-03-01', '2030-07-22', 'Permis de conduire catégorie B'),
(3, 'CIN', 'cin_mandresy_alexandre.pdf', '/documents/employes/003/cin_mandresy_alexandre.pdf', '2005-12-01', '2028-11-08', 'Pièce d''identité'),
(3, 'Diplôme', 'diplome_master_mandresy.pdf', '/documents/employes/003/diplome_master_mandresy.pdf', '2005-12-01', NULL, 'Master Finance Comptabilité'),
(4, 'CIN', 'cin_razafiarison_laza.pdf', '/documents/employes/004/cin_razafiarison_laza.pdf', '2011-03-25', '2032-04-30', 'Carte identité'),
(4, 'Diplôme', 'diplome_mba_razafiarison.pdf', '/documents/employes/004/diplome_mba_razafiarison.pdf', '2011-03-25', NULL, 'MBA Ressources Humaines'),
(4, 'Attestation', 'attestation_formation_drh.pdf', '/documents/employes/004/attestation_formation_drh.pdf', '2020-06-15', NULL, 'Formation continue DRH');

-- =========================
-- UTILISATEURS SYSTÈME
-- =========================

INSERT INTO Utilisateurs (email, motDePasse, role, idEmploye, actif, dernierAcces, dateCreation) VALUES
('admin@entreprise.com', '$2y$10$92IXUNpkjO0rOQ5byMi.Ye4oKoEa3Ro9llC/.og/at2.uheWG/igi', 'admin', 1, TRUE, NOW(), '2024-01-01'),
('rh@entreprise.com', '$2y$10$92IXUNpkjO0rOQ5by DONNÉES DE TEST - PAIE ET CONGÉS
-- Jeu de données réaliste basé sur data_de_base.sql
-- =========================

SET FOREIGN_KEY_CHECKS = 0;

-- =========================
-- EMPLOYÉS DE TEST COMPLETS
-- =========================

-- Mise à jour des employés existants avec toutes les informations
UPDATE Employe SET 
    matricule = '002',
    numeroCNAPS = '710922846807',
    idCategorie = 7,
    idFonction = 4,
    ancienneteAns = 11,
    ancienneteMois = 10,
    ancienneteJours = 12,
    cin = '101123456789',
    lieuNaissance = 'Antananarivo',
    situationFamiliale = 'Marié',
    nombreEnfantsCharge = 2,
    dateNaissance = '1985-03-15',
    adresse = '12 Rue Indépendance, Antananarivo',
    telephone = '0341234567',
    email = 'marie.dupont@entreprise.com'
WHERE id = 1;

UPDATE Employe SET 
    matricule = '003',
    numeroCNAPS = '730727004484',
    idCategorie = 6,
    idFonction = 5,
    ancienneteAns = 7,
    ancienneteMois = 6,
    ancienneteJours = 15,
    cin = '101123456790',
    lieuNaissance = 'Toamasina',
    situationFamiliale = 'Célibataire',
    nombreEnfantsCharge = 0,
    dateNaissance = '1990-07-22',
    adresse = '45 Avenue Champs, Antananarivo',
    telephone = '0342345678',
    email = 'pierre.martin@entreprise.com'
WHERE id = 2;

UPDATE Employe SET 
    matricule = '004',
    numeroCNAPS = '770618002688',
    idCategorie = 5,
    idFonction = 3,
    ancienneteAns = 19,
    ancienneteMois = 0,
    ancienneteJours = 0,
    cin = '101123456791',
    lieuNaissance = 'Fianarantsoa',
    situationFamiliale = 'Marié',
    nombreEnfantsCharge = 3,
    dateNaissance = '1975-11-08',
    adresse = '78 Boulevard Hugo, Antananarivo',
    telephone = '0343456789',
    email = 'sophie.bernard@entreprise.com'
WHERE id = 3;

UPDATE Employe SET 
    matricule = '627',
    numeroCNAPS = '345670000',
    idCategorie = 5,
    idFonction = 2,
    ancienneteAns = 14,
    ancienneteMois = 7,
    ancienneteJours = 12,
    cin = '101123456792',
    lieuNaissance = 'Mahajanga',
    situationFamiliale = 'Marié',
    nombreEnfantsCharge = 2,
    dateNaissance = '1982-04-30',
    adresse = '23 Rue Commerce, Antananarivo',
    telephone = '0344567890',
    email = 'luc.dubois@entreprise.com'
WHERE id = 4;

UPDATE Employe SET 
    matricule = '005',
    numeroCNAPS = '456780000',
    idCategorie = 4,
    idFonction = 8,
    ancienneteAns = 3,
    ancienneteMois = 5,
    ancienneteJours = 20,
    cin = '101123456793',
    lieuNaissance = 'Antsirabe',
    situationFamiliale = 'Célibataire',
    nombreEnfantsCharge = 0,
    dateNaissance = '1992-09-12',
    adresse = '56 Allée Lilas, Antananarivo',
    telephone = '0345678901',
    email = 'julie.thomas@entreprise.com'
WHERE id = 5;

-- Ajout d'employés supplémentaires pour tests variés
INSERT INTO Employe (nom, prenom, dateNaissance, adresse, telephone, email, dateEmbauche, idDept, matricule, numeroCNAPS, idCategorie, idFonction, ancienneteAns, ancienneteMois, ancienneteJours, cin, lieuNaissance, situationFamiliale, nombreEnfantsCharge, actif) VALUES
('RAKOTO', 'Jean', '1988-05-20', '67 Rue Rainibetsimisaraka, Antananarivo', '0346789012', 'jean.rakoto@entreprise.com', '2015-06-01', 3, '006', '567890000', 4, 7, 9, 5, 0, '101123456794', 'Toliara', 'Marié', 1, TRUE),
('RASOLOFO', 'Marie', '1995-02-14', '89 Avenue 26 Juin, Antananarivo', '0347890123', 'marie.rasolofo@entreprise.com', '2020-01-15', 4, '007', '678900000', 3, 8, 4, 10, 0, '101123456795', 'Antananarivo', 'Célibataire', 0, TRUE),
('ANDRIANINA', 'Paul', '1978-12-03', '34 Rue Patrice Lumumba, Antananarivo', '0348901234', 'paul.andrianina@entreprise.com', '2008-09-10', 7, '008', '789000000', 4, 9, 16, 2, 0, '101123456796', 'Mahajanga', 'Marié', 4, TRUE),
('RAHARISON', 'Sophie', '1993-08-25', '12 Boulevard Grandidier, Antananarivo', '0349012345', 'sophie.raharison@entreprise.com', '2019-03-20', 5, '009', '890000000', 3, 8, 5, 7, 25, '101123456797', 'Antsiranana', 'Mariée', 2, TRUE),
('RANDRIA', 'Michel', '1986-11-30', '45 Rue Jules Ferry, Antananarivo', '0340123456', 'michel.randria@entreprise.com', '2012-07-01', 10, '010', '901000000', 3, 9, 12, 4, 12, '101123456798', 'Fianarantsoa', 'Marié', 2, TRUE);

-- =========================
-- CONTRATS
-- =========================

INSERT INTO Contrat (idEmploye, idTypeContrat, typeContrat, dateDebut, dateFin, nombreMois, salaire, poste, periodeEssaiMois, dateFinPeriodeEssai, actif) VALUES
(1, 1, 'CDI', '2014-01-01', NULL, NULL, 3000000.00, 'Assistant Administratif et Commercial', 3, '2014-04-01', TRUE),
(2, 1, 'CDI', '2014-03-01', NULL, NULL, 250000.00, 'Coursier Magasinier', 2, '2014-05-01', TRUE),
(3, 1, 'CDI', '2005-12-01', NULL, NULL, 300000.00, 'Responsable Administratif et Financier', 6, '2006-06-01', TRUE),
(4, 1, 'CDI', '2011-03-25', NULL, NULL, 7800000.00, 'Directeur des Ressources Humaines', 6, '2011-09-25', TRUE),
(5, 1, 'CDI', '2021-06-15', NULL, NULL, 350000.00, 'Commercial', 3, '2021-09-15', TRUE),
(6, 1, 'CDI', '2015-06-01', NULL, NULL, 500000.00, 'Développeur', 3, '2015-09-01', TRUE),
(7, 2, 'CDD', '2020-01-15', '2026-01-15', 72, 280000.00, 'Commercial', 2, '2020-03-15', TRUE),
(8, 1, 'CDI', '2008-09-10', NULL, NULL, 450000.00, 'Technicien', 3, '2008-12-10', TRUE),
(9, 1, 'CDI', '2019-03-20', NULL, NULL, 320000.00, 'Commercial', 2, '2019-05-20', TRUE),
(10, 1, 'CDI', '2012-07-01', NULL, NULL, 380000.00, 'Technicien', 3, '2012-10-01', TRUE);

-- =========================
-- PÉRIODES DE PAIE
-- =========================

INSERT INTO PeriodePaie (mois, annee, dateDebut, dateFin, dateValidation, statut, validePar) VALUES
(8, 2025, '2025-08-01', '2025-08-31', '2025-09-05', 'valide', 1),
(9, 2025, '2025-09-01', '2025-09-30', '2025-10-05', 'valide', 1),
(10, 2025, '2025-10-01', '2025-10-31', '2025-11-05', 'valide', 1),
(11, 2025, '2025-11-01', '2025-11-30', NULL, 'en_cours', NULL),
(12, 2025, '2025-12-01', '2025-12-31', NULL, 'brouillon', NULL);

-- =========================
-- FICHES DE PAIE - Novembre 2025
-- =========================

-- Fiche de paie pour RAZAFY Albert (matricule 002)
INSERT INTO FichePaie (idEmploye, idPeriode, matricule, numeroCNAPS, salaireBase, joursPresence, joursTravailles, tauxJournalier, tauxHoraire, indice, baseCongePaye, salaireBaseMois, retenueAbsence, heuresSup30, montantHeureSup30, heuresSup40, montantHeureSup40, heuresSup50, montantHeureSup50, heuresSup100, montantHeureSup100, majorationNuit, primeRendement, primeAnciennete, autresPrimes, rappelPeriodeAnt, droitsConge, droitsPreavis, indemniteLicenciement, salaireBrut, cnaps1Pourcent, cnaps8Pourcent, plafondCNAPS, ostie1Pourcent, ostie5Pourcent, retenueSanitaire, revenuImposable, trancheIRSA1, trancheIRSA2, trancheIRSA3, trancheIRSA4, trancheIRSA5, totalIRSA, autresRetenues, avances, totalRetenues, autresIndemnites, netAPayer, netDuMois, dateGeneration, valide) VALUES
(1, 4, '002', '710922846807', 3000000.00, 30.00, 30.00, 100000.00, 12500.00, 100000.00, 3000000.00, 3000000.00, 0.00, 0.00, 0.00, 0.00, 0.00, 0.00, 0.00, 0.00, 0.00, 0.00, 0.00, 0.00, 0.00, 0.00, 0.00, 0.00, 0.00, 3000000.00, 10080.00, 80640.00, 2800000.00, 30000.00, 150000.00, 30000.00, 2959920.00, 0.00, 2500.00, 10000.00, 15000.00, 521984.00, 549484.00, 0.00, 100000.00, 970204.00, 0.00, 2029796.00, 2029796.00, NOW(), TRUE);

-- Fiche de paie pour RAMAHAY Gilbert (matricule 003)
INSERT INTO FichePaie (idEmploye, idPeriode, matricule, numeroCNAPS, salaireBase, joursPresence, joursTravailles, tauxJournalier, tauxHoraire, indice, baseCongePaye, salaireBaseMois, retenueAbsence, heuresSup30, montantHeureSup30, heuresSup40, montantHeureSup40, heuresSup50, montantHeureSup50, heuresSup100, montantHeureSup100, majorationNuit, primeRendement, primeAnciennete, autresPrimes, rappelPeriodeAnt, droitsConge, droitsPreavis, indemniteLicenciement, salaireBrut, cnaps1Pourcent, cnaps8Pourcent, plafondCNAPS, ostie1Pourcent, ostie5Pourcent, retenueSanitaire, revenuImposable, trancheIRSA1, trancheIRSA2, trancheIRSA3, trancheIRSA4, trancheIRSA5, totalIRSA, autresRetenues, avances, totalRetenues, autresIndemnites, netAPayer, netDuMois, dateGeneration, valide) VALUES
(2, 4, '003', '730727004484', 250000.00, 28.00, 28.00, 8333.33, 1041.67, 8333.33, 250000.00, 250000.00, 0.00, 15.00, 23654.30, 0.00, 0.00, 0.00, 0.00, 0.00, 0.00, 0.00, 0.00, 0.00, 0.00, 0.00, 0.00, 0.00, 0.00, 273654.30, 2736.54, 21892.34, 2800000.00, 2736.54, 13682.72, 2736.54, 268181.22, 0.00, 0.00, 0.00, 0.00, 0.00, 0.00, 0.00, 40000.00, 83684.68, 0.00, 189969.62, 189969.62, NOW(), TRUE);

-- Fiche de paie pour MANDRESY Alexandre (matricule 004)
INSERT INTO FichePaie (idEmploye, idPeriode, matricule, numeroCNAPS, salaireBase, joursPresence, joursTravailles, tauxJournalier, tauxHoraire, indice, baseCongePaye, salaireBaseMois, retenueAbsence, heuresSup30, montantHeureSup30, heuresSup40, montantHeureSup40, heuresSup50, montantHeureSup50, heuresSup100, montantHeureSup100, majorationNuit, primeRendement, primeAnciennete, autresPrimes, rappelPeriodeAnt, droitsConge, droitsPreavis, indemniteLicenciement, salaireBrut, cnaps1Pourcent, cnaps8Pourcent, plafondCNAPS, ostie1Pourcent, ostie5Pourcent, retenueSanitaire, revenuImposable, trancheIRSA1, trancheIRSA2, trancheIRSA3, trancheIRSA4, trancheIRSA5, totalIRSA, autresRetenues, avances, totalRetenues, autresIndemnites, netAPayer, netDuMois, dateGeneration, valide) VALUES
(3, 4, '004', '770618002688', 300000.00, 30.00, 30.00, 10000.00, 1250.00, 10000.00, 300000.00, 300000.00, 0.00, 0.00, 0.00, 0.00, 0.00, 0.00, 0.00, 0.00, 0.00, 0.00, 0.00, 0.00, 0.00, 0.00, 0.00, 0.00, 0.00, 300000.00, 3000.00, 24000.00, 2800000.00, 3000.00, 15000.00, 3000.00, 294000.00, 0.00, 0.00, 0.00, 0.00, 0.00, 0.00, 0.00, 0.00, 48000.00, 0.00, 252000.00, 252000.00, NOW(), TRUE);

-- Fiche de paie pour RAZAFIARISON Laza (matricule 627) - Octobre 2025
INSERT INTO FichePaie (idEmploye, idPeriode, matricule, numeroCNAPS, salaireBase, joursPresence, joursTravailles, tauxJournalier, tauxHoraire, indice, baseCongePaye, salaireBaseMois, retenueAbsence, heuresSup30, montantHeureSup30, heuresSup40, montantHeureSup40, heuresSup50, montantHeureSup50, heuresSup100, montantHeureSup100, majorationNuit, primeRendement, primeAnciennete, autresPrimes, rappelPeriodeAnt, droitsConge, droitsPreavis, indemniteLicenciement, salaireBrut, cnaps1Pourcent, cnaps8Pourcent, plafondCNAPS, ostie1Pourcent, ostie5Pourcent, retenueSanitaire, revenuImposable, trancheIRSA1, trancheIRSA2, trancheIRSA3, trancheIRSA4, trancheIRSA5, totalIRSA, autresRetenues, avances, totalRetenues, autresIndemnites, netAPayer, netDuMois, dateGeneration, valide) VALUES
(4, 3, '627', '345670000', 7800000.00, 30.00, 30.00, 260000.00, 45001.00, 33734.00, 7800000.00, 7800000.00, 0.00, 1.00, 58501.00, 1.00, 63001.00, 1.00, 67502.00, 1.00, 90002.00, 13500.00, 0.00, 0.00, 0.00, 0.00, 0.00, 0.00, 0.00, 8092506.00, 28000.00, 224000.00, 2800000.00, 78000.00, 390000.00, 78000.00, 7694506.00, 0.00, 2500.00, 10000.00, 15000.00, 923500.00, 971000.00, 0.00, 0.00, 1769000.00, 0.00, 6323506.00, 6323506.00, '2025-10-31 23:59:59', TRUE);

-- Fiche de paie pour THOMAS Julie (matricule 005)
INSERT INTO FichePaie (idEmploye, idPeriode, matricule, numeroCNAPS, salaireBase, joursPresence, joursTravailles, tauxJournalier, tauxHoraire, indice, baseCongePaye, salaireBaseMois, retenueAbsence, heuresSup30, montantHeureSup30, heuresSup40, montantHeureSup40, heuresSup50, montantHeureSup50, heuresSup100, montantHeureSup100, majorationNuit, primeRendement, primeAnciennete, autresPrimes, rappelPeriodeAnt, droitsConge, droitsPreavis, indemniteLicenciement, salaireBrut, cnaps1Pourcent, cnaps8Pourcent, plafondCNAPS, ostie1Pourcent, ostie5Pourcent, retenueSanitaire, revenuImposable, trancheIRSA1, trancheIRSA2, trancheIRSA3, trancheIRSA4, trancheIRSA5, totalIRSA, autresRetenues, avances, totalRetenues, autresIndemnites, netAPayer, netDuMois, dateGeneration, valide) VALUES
(5, 4, '005', '456780000', 350000.00, 30.00, 30.00, 11666.67, 1458.33, 11666.67, 350000.00, 350000.00, 0.00, 0.00, 0.00, 0.00, 0.00, 0.00, 0.00, 0.00, 0.00, 0.00, 0.00, 0.00, 0.00, 0.00, 0.00, 0.00, 0.00, 350000.00, 3500.00, 28000.00, 2800000.00, 3500.00, 17500.00, 3500.00, 343500.00, 0.00, 0.00, 0.00, 0.00, 0.00, 0.00, 0.00, 0.00, 56000.00, 0.00, 294000.00, 294000.00, NOW(), TRUE);

-- =========================
-- SOLDES DE CONGÉS 2025
-- =========================

INSERT INTO SoldeConge (idEmploye, idTypeConge, annee, droitsAcquis, joursUtilises, joursRestants, reportAnneePrec, dateCalcul) VALUES
-- Congés payés
(1, 1, 2025, 30.00, 10.00, 20.00, 5.00, NOW()),
(2, 1, 2025, 30.00, 5.00, 25.00, 0.00, NOW()),
(3, 1, 2025, 30.00, 15.00, 15.00, 3.00, NOW()),
(4, 1, 2025, 30.00, 8.00, 22.00, 7.50, NOW()),
(5, 1, 2025, 30.00, 12.00, 18.00, 0.00, NOW()),
(6, 1, 2025, 30.00, 20.00, 10.00, 2.50, NOW()),
(7, 1, 2025, 30.00, 6.00, 24.00, 0.00, NOW()),
(8, 1, 2025, 30.00, 18.00, 12.00, 5.00, NOW()),
(9, 1, 2025, 30.00, 9.00, 21.00, 0.00, NOW()),
(10, 1, 2025, 30.00, 14.00, 16.00, 4.00, NOW()),

-- Congés maladie
(1, 2, 2025, 0.00, 3.00, 0.00, 0.00, NOW()),
(3, 2, 2025, 0.00, 5.00, 0.00, 0.00, NOW()),
(6, 2, 2025, 0.00, 2.00, 0.00, 0.00, NOW()),
(8, 2, 2025, 0.00, 4.00, 0.00, 0.00, NOW());

-- =========================
-- DEMANDES DE CONGÉS
-- =========================

-- Demandes approuvées et terminées
INSERT INTO DemandeConge (idEmploye, idTypeConge, dateDebut, dateFin, nombreJours, motif, adresseAbsence, telephoneContact, idStatut, dateDemande, idValidateur1, dateValidation1, commentaireValidateur1, idValidateur2, dateValidation2, commentaireValidateur2) VALUES
(1, 1, '2025-08-01', '2025-08-10', 10.00, 'Congés annuels', 'Nosy Be', '0341234567', 9, '2025-07-15 10:00:00', 4, '2025-07-15 14:30:00', 'Approuvé', 1, '2025-07-16 09:00:00', 'Validé', '2025-08-10 18:00:00'),
(2, 1, '2025-09-15', '2025-09-19', 5.00, 'Vacances familiales', 'Antsirabe', '0342345678', 9, '2025-09-01 08:30:00', 4, '2025-09-01 11:00:00', 'OK', 1, '2025-09-02 10:00:00', 'Validé', '2025-09-19 18:00:00'),
(3, 2, '2025-10-10', '2025-10-14', 5.00, 'Grippe', NULL, '0343456789', 9, '2025-10-10 07:00:00', 4, '2025-10-10 09:00:00', 'Certificat médical fourni', NULL, NULL, NULL, '2025-10-14 18:00:00'),

-- Demandes en attente de validation
(5, 1, '2025-12-20', '2025-12-31', 12.00, 'Congés de fin d''année', 'Tuléar', '0345678901', 2, '2025-11-05 14:00:00', NULL, NULL, NULL, NULL, NULL, NULL, NULL),
(6, 1, '2025-12-23', '2026-01-05', 14.00, 'Vacances de Noël', 'Sainte-Marie', '0346789012', 2, '2025-11-08 09:30:00', NULL, NULL, NULL, NULL, NULL, NULL, NULL),

-- Demandes approuvées en attente
(7, 1, '2025-11-25', '2025-11-29', 5.00, 'Pont de Noël', 'Antananarivo', '0347890123', 5, '2025-11-01 10:00:00', 4, '2025-11-01 15:00:00', 'Approuvé', 1, '2025-11-02 09:00:00', 'OK', NULL),
(8, 1, '2025-12-02', '2025-12-06', 5.00, 'Congés personnels', 'Fianarantsoa', '0348901234', 5, '2025-10-20 11:00:00', 4, '2025-10-20 16:00:00', 'Validé', 1, '2025-10-21 10:00:00', 'Approuvé', NULL),

-- Demande refusée
(9, 1, '2025-11-15', '2025-11-22', 8.00, 'Voyage', 'Maurice', '0349012345', 6, '2025-10-25 14:00:00', 4, '2025-10-26 10:00:00', 'Période déjà chargée, proposer autre date', NULL, NULL, NULL, '2025-10-26 10:00:00'),

-- Demande annulée
(10, 1, '2025-11-10', '2025-11-15', 6.00, 'Personnel', 'Majunga', '0340123456', 7, '2025-10-15 09:00:00', 4, '2025-10-15 14:00:00', 'OK', 1, '2025-10-16 09:00:00', 'Validé', '2025-11-08 16:00:00');

-- =========================
-- HISTORIQUE DEMANDES CONGÉS
-- =========================

INSERT INTO HistoriqueDemandeConge (idDemandeConge, idStatut, idUtilisateur, commentaire, dateAction) VALUES
-- Historique demande 1
(1, 2, 1, 'Demande créée', '2025-07-15 10:00:00'),
(1, 3, 4, 'Validation niveau 1', '2025-07-15 14:30:00'),
(1, 5, 1, 'Validation finale', '2025-07-16 09:00:00'),
(1, 8, NULL, 'Congé commencé', '2025-08-01 00:00:00'),
(1, 9, NULL, 'Congé terminé', '2025-08-10 23:59:59'),

-- Historique demande 2
(2, 2, 2, 'Demande créée', '2025-09-01 08:30:00'),
(2, 3, 4, 'Approuvé par manager', '2025-09-01 11:00:00'),
(2, 5, 1, 'Validé par RH', '2025-09-02 10:00:00'),
(2, 8, NULL, 'En cours', '2025-09-15 00:00:00'),
(2, 9, NULL, 'Terminé', '2025-09-19 23:59:59'),

-- Historique demande 9 (refusée)
(9, 2, 9, 'Demande soumise', '2025-10-25 14:00:00'),
(9, 6, 4, 'Refusée - période chargée', '2025-10-26 10:00:00'),

-- Historique demande 10 (annulée)
(10, 2, 10, 'Demande initiale', '2025-10-15 09:00:00'),
(10, 3, 4, 'Validée N1', '2025-10-15 14:00:00'),
(10, 5, 1, 'Validée N2', '2025-10-16 09:00:00'),
(10, 7, 10, 'Annulée par employé - changement de plans', '2025-11-08 16:00:00');

-- =========================
--